protein_id	average_concentration	standard_deviation
PD03938	4.4651005447874565e-07	6.486055114827985e-07
CPLX0-7759	2.7681103499148483e-07	5.436916197170717e-07
G6890-MONOMER	0.00027087422911447684	0.00017348313510492995
G6737-MONOMER	0.0006261898295372685	0.00014728328233159973
RPOD-MONOMER	0.0006151283915983835	0.0002649777812708533
PD02936	8.646211843971959e-06	2.0492742416334155e-05
RED-THIOREDOXIN2-MONOMER	0.0006831411710823675	0.00013085185087382295
EG10542-MONOMER	3.0012365603721954e-06	2.2385425665911497e-06
CPLX0-2881	0.00014218052336201835	5.335443937565225e-05
