Metal,M9 cells [Metal]buffered (M) [2],LB cells [Metal]buffered (M) [3],M9 [Metal] buffered (M),M9 [Metal] buffered STD (M),GLUTATHIONE[c],CYS[c],HIS[c],OXIDIZED-GLUTATHIONE[c],L-ASPARTATE[c],CIT[c],ATP[c],TRP[c],MET[c],L-ALPHA-ALANINE[c],LEU[c],VAL[c],GLY[c]
MN,2.08E-06,7.00E-06,1.40E-06,7.00E-07,2.7,,3.91487182,,3.91,3.4216,5.17,3.34,3.59,3.24,2.15,2.84,3.2
FE,6.18E-08,1.90E-06,8.00E-05,2.00E-05,5.4,,5.88309336,,,4.49,5.18,,,7.3,,6.8,7.8
CO,2.42E-10,7.00E-11,,,,,7.44247977,,6.69,4.54365,5.21,4.34,3.85,8.55,8.16,8.24,9.1
NI,2.56E-12,1.30E-13,1.50E-05,2.00E-06,11.15,,9.2,9.08,7,5.07555,5.32,5.75663611,,10.66,10.18,,11.15
CU,1.46E-20,4.50E-20,1.00E-05,2.00E-06,,,,,8.78,15.03,6.83,15.56,7.96,14.94,15.174,14.91,15.63
ZN,1.04E-11,9.40E-12,1.30E-05,3.00E-06,8.31,,7.06818586,7.6,5.35,4.56427,5.52,5,4.46,5.16,4.92,5,5.16