{"listeners": {"mass": {"cell_mass": 1951.787410824471, "water_mass": 1365.5814174900656, "dry_mass": 586.2059933344053, "rnaMass": 88.64846905696542, "rRnaMass": 71.37451759034606, "tRnaMass": 12.886129261110131, "mRnaMass": 3.9334955980471515, "dnaMass": 9.494134840820294, "proteinMass": 268.62135586933874, "smallMoleculeMass": 219.4420335672808, "projection_mass": 1.6396999687450016, "cytosol_mass": 1855.7916674570045, "extracellular_mass": 4.676795767789392, "flagellum_mass": 0.0, "membrane_mass": 7.557959839211731, "outer_membrane_mass": 18.76105924184509, "periplasm_mass": 41.121319367870434, "pilus_mass": 0.049446466224744974, "inner_membrane_mass": 22.189462715780163, "volume": 1.77435219165861, "process_mass_diffs": [0.0, 1.734723475976807e-18, 4.419208055050916e-16, -7.596191470976565e-18, -4.334691107573882e-19, 0.9568144132834917, -2.2518098496959738e-13, 0.0, 8.673617379884035e-19, -1.0408340855860843e-17, -4.336808689942018e-19, -2.914335439641036e-16, 0.0, -1.2010662494269962e-21], "growth": 0.288683924741008, "instantaniousGrowthRate": 0.00024623078578482415, "proteinMassFraction": 0.4582371366443908, "rnaMassFraction": 0.1512240919829615, "dryMassFoldChange": 1.6697117848941567, "proteinMassFoldChange": 1.657331426426314, "rnaMassFoldChange": 1.7483332506311873, "smallMoleculeFoldChange": 1.6668467908308682, "expectedMassFoldChange": 1.723816323961208}}}