{"listeners": {"mass": {"cell_mass": 1170.384677202332, "water_mass": 819.1917624983164, "dry_mass": 351.1929147040157, "rnaMass": 50.73709496175405, "rRnaMass": 41.16659045661363, "tRnaMass": 7.367265438398687, "mRnaMass": 1.9724630223521609, "dnaMass": 6.649896701761138, "proteinMass": 162.15297563003327, "smallMoleculeMass": 131.65294741046705, "projection_mass": 1.0735779618990506, "cytosol_mass": 1111.4150505998743, "extracellular_mass": 2.9750628173410547, "flagellum_mass": 0.0, "membrane_mass": 4.537662079391513, "outer_membrane_mass": 11.083640259562774, "periplasm_mass": 25.120960957133125, "pilus_mass": 0.02460438239075634, "inner_membrane_mass": 14.154118144739279, "volume": 1.0639860701839383, "process_mass_diffs": [0.0, -2.42861286636753e-17, 0.0, 0.0, -2.168404344971009e-19, 0.11073074902520212, -1.6370238498097933e-13, -1.7763568394002505e-15, 4.336808689942018e-19, -6.776263578034403e-21, 0.0, -2.983724378680108e-16, 0.0, 1.745046690021469e-18], "growth": 0.110770685031639, "instantaniousGrowthRate": 0.0001577063209333198, "proteinMassFraction": 0.4617205212317432, "rnaMassFraction": 0.14447072488496848, "dryMassFoldChange": 1.00031551215839, "proteinMassFoldChange": 1.000446228597379, "rnaMassFoldChange": 1.0006416479123257, "smallMoleculeFoldChange": 1.0000148527938257, "expectedMassFoldChange": 1.0005252493956038}}}