{"agents": {"0": {"listeners": {"mass": {"cell_mass": 1170.3970356705984, "dry_mass": 351.1069520116438, "water_mass": 819.2900836589546, "rnaMass": 50.75493013315912, "rRnaMass": 41.17107848421829, "tRnaMass": 7.367007221712633, "mRnaMass": 1.9783042601165906, "dnaMass": 6.649896701761136, "proteinMass": 162.15977777348712, "smallMoleculeMass": 131.54234740323636, "volume": 1.0639973051550895, "proteinMassFraction": 0.46185293923803994, "rnaMassFraction": 0.14455689311294506, "growth": -0.012125289396294647, "instantaniousGrowthRate": -1.726723057863653e-05, "dryMassFoldChange": 0.9999654667314305, "proteinMassFoldChange": 1.0004555566497173, "rnaMassFoldChange": 1.0006423106326432, "smallMoleculeFoldChange": 0.9990696079681607, "projection_mass": 1.0736212538462817, "cytosol_mass": 1106.8564733640067, "extracellular_mass": 2.9757138175744, "flagellum_mass": 0.0, "membrane_mass": 4.537541910974858, "outer_membrane_mass": 11.083848431996794, "periplasm_mass": 25.122565271898427, "pilus_mass": 0.02460438239075634, "inner_membrane_mass": 14.154579381664938}}, "boundary": {"location": ["!units[25.0029305993325 micrometer]", "!units[25.00038242096461 micrometer]"], "external": {"GLC[p]": "!units[1.0 millimolar]"}, "length": "!units[1.6880567777484394 femtoliter / micrometer ** 2]", "width": "!units[1.0 micrometer]", "angle": -0.007370431201329676, "mass": "!units[1170.3970356705984 femtogram]", "thrust": 0.0, "torque": 0.0, "volume": "!units[1.0639973051550895 femtoliter]", "surface_area": "!units[4.517788608419509 micrometer ** 2]", "mmol_to_counts": "!units[640754.1539904623 liter / millimole]"}, "bulk": {"TRANS-CPLX-201[m]": 86, "EG10040-MONOMER[p]": 91, "CPLX0-7533[o]": 5810, "CPLX0-7534[o]": 18960, "XAPB-MONOMER[m]": 13, "EG10011-MONOMER[c]": 430, "EG11511-MONOMER[c]": 0, "EG10241-MONOMER[c]": 4623, "EG10240-MONOMER[m]": 1, "EG11081-MONOMER[c]": 0, "EG11563-MONOMER[c]": 3, "EG11564-MONOMER[c]": 5, "EG10047-MONOMER[p]": 23, "EG10985-MONOMER[p]": 1004, "EG12609-MONOMER[c]": 22, "EG11083-MONOMER[c]": 173, "EG11084-MONOMER[c]": 34, "EG11085-MONOMER[c]": 0, "EG10339-MONOMER[c]": 97, "EG10626-MONOMER[c]": 71, "EG12314-MONOMER[c]": 616, "EG12106-MONOMER[c]": 29, "EG12605-MONOMER[c]": 344, "EG12318-MONOMER[p]": 288, "EG11749-MONOMER[c]": 15, "EG11972-MONOMER[m]": 3, "EG10690-MONOMER[c]": 354, "EG11362-MONOMER[c]": 19, "EG12330-MONOMER[c]": 26, "EG10605-MONOMER[i]": 0, "EG10302-MONOMER[o]": 860, "EG12332-MONOMER[c]": 0, "EG12335-MONOMER[c]": 16, "EG12336-MONOMER[c]": 1246, "EG10570-MONOMER[c]": 2116, "EG11033-MONOMER[c]": 7525, "EG10335-MONOMER[c]": 3544, "EG10455-MONOMER[p]": 5, "EG10238-MONOMER[c]": 99, "G6095-MONOMER[c]": 109, "G6098-MONOMER[c]": 147, "EG12354-MONOMER[c]": 12, "EG11649-MONOMER[c]": 117, "EG11650-MONOMER[c]": 174, "EG10246-MONOMER[i]": 354, "G6103-MONOMER[c]": 39, "G6110-MONOMER[c]": 204, "G6112-MONOMER[c]": 43, "G6117-MONOMER[c]": 41, "EG10695-MONOMER[c]": 1, "EG11091-MONOMER[c]": 147, "G6209-MONOMER[c]": 2, "G6230-MONOMER[c]": 101, "EG11093-MONOMER[c]": 1656, "EG12159-MONOMER[c]": 2705, "EG10927-MONOMER[c]": 1, "EG11096-MONOMER[i]": 2867, "G6240-MONOMER[c]": 4059, "EG12182-MONOMER[i]": 2649, "EG10125-MONOMER[c]": 36, "EG11003-MONOMER[c]": 10069, "EG10158-MONOMER[c]": 11, "EG10542-MONOMER[c]": 0, "EG10467-MONOMER[c]": 1748, "G6245-MONOMER[c]": 280, "EG13217-MONOMER[p]": 13, "G6251-MONOMER[c]": 185, "EG11099-MONOMER[c]": 13, "EG12429-MONOMER[c]": 4, "EG11100-MONOMER[c]": 2, "EG12454-MONOMER[c]": 457, "G6258-MONOMER[c]": 32, "G6261-MONOMER[c]": 3, "G6268-MONOMER[c]": 1370, "G6269-MONOMER[c]": 175, "G6273-MONOMER[c]": 60, "EG11768-MONOMER[c]": 40, "G6285-MONOMER[c]": 1, "EG12666-MONOMER[i]": 23, "EG10758-MONOMER[c]": 7521, "EG10507-MONOMER[c]": 12, "G6298-MONOMER[c]": 0, "EG11740-MONOMER[o]": 11, "EG11739-MONOMER[i]": 1, "G6318-MONOMER[i]": 1, "G6323-MONOMER[i]": 6, "G6324-MONOMER[c]": 100, "G6326-MONOMER[c]": 1, "EG11105-MONOMER[c]": 3, "G6331-MONOMER[c]": 10, "G6334-MONOMER[c]": 0, "G6337-MONOMER[c]": 614, "EG10856-MONOMER[p]": 669, "G6339-MONOMER[c]": 6, "G6346-MONOMER[c]": 42, "EG12179-MONOMER[c]": 33, "EG11305-MONOMER[i]": 383, "EG11306-MONOMER[c]": 3, "EG11592-MONOMER[c]": 2183, "EG10201-MONOMER[p]": 1, "EG11254-MONOMER[c]": 0, "EG11255-MONOMER[c]": 587, "EG12851-MONOMER[c]": 292, "G6357-MONOMER[c]": 10, "G6359-MONOMER[p]": 1614, "G6361-MONOMER[i]": 567, "G6362-MONOMER[c]": 405, "G6363-MONOMER[c]": 1045, "EG11776-MONOMER[c]": 270, "EG12197-MONOMER[c]": 1119, "G6376-MONOMER[c]": 0, "EG10736-MONOMER[c]": 21, "G6383-MONOMER[c]": 92, "EG11110-MONOMER[m]": 147, "EG11008-MONOMER[p]": 642, "EG12854-MONOMER[p]": 870, "EG11062-MONOMER[c]": 8, "EG11666-MONOMER[c]": 5, "EG11597-MONOMER[c]": 1, "EG11598-MONOMER[c]": 117, "EG11580-MONOMER[c]": 0, "EG11581-MONOMER[c]": 1956, "G6415-MONOMER[p]": 43, "G6416-MONOMER[c]": 152, "EG11415-MONOMER[c]": 7, "G6422-MONOMER[p]": 1180, "G6423-MONOMER[c]": 574, "G6425-MONOMER[c]": 247, "EG10154-MONOMER[c]": 0, "EG10153-MONOMER[c]": 0, "G6436-MONOMER[c]": 60, "G6438-MONOMER[c]": 829, "G6442-MONOMER[c]": 173, "G6450-MONOMER[i]": 1017, "G6451-MONOMER[c]": 511, "G6460-MONOMER[c]": 954, "EG11111-MONOMER[c]": 0, "EG10156-MONOMER[c]": 0, "EG10504-MONOMER[c]": 10431, "G6464-MONOMER[m]": 106, "G6465-MONOMER[p]": 304, "EG12690-MONOMER[c]": 2, "EG12702-MONOMER[c]": 13, "G6468-MONOMER[c]": 439, "EG10613-MONOMER[i]": 0, "G6473-MONOMER[c]": 33, "EG12165-MONOMER[c]": 1, "EG10618-MONOMER[c]": 0, "EG11253-MONOMER[m]": 46, "G6475-MONOMER[c]": 615, "EG10696-MONOMER[i]": 575, "G6488-MONOMER[c]": 161, "G6491-MONOMER[p]": 4, "G6492-MONOMER[p]": 125, "EG10984-MONOMER[i]": 303, "G6494-MONOMER[c]": 0, "G6498-MONOMER[c]": 26, "G6499-MONOMER[c]": 868, "G6502-MONOMER[c]": 111, "G6511-MONOMER[c]": 104, "EG12194-MONOMER[c]": 113, "EG12703-MONOMER[c]": 959, "G6521-MONOMER[c]": 8, "G6523-MONOMER[c]": 2, "G6527-MONOMER[p]": 2626, "EG11734-MONOMER[c]": 313, "G6531-MONOMER[o]": 7, "G6539-MONOMER[c]": 595, "G6543-MONOMER[o]": 5, "G6551-MONOMER[i]": 56, "EG11886-MONOMER[i]": 203, "EG11116-MONOMER[c]": 557, "G6560-MONOMER[c]": 34, "EG11118-MONOMER[c]": 262, "EG11438-MONOMER[c]": 787, "EG11119-MONOMER[c]": 791, "EG11437-MONOMER[c]": 10, "EG11500-MONOMER[c]": 28, "EG12303-MONOMER[c]": 401, "EG12172-MONOMER[c]": 2, "G6567-MONOMER[c]": 173, "G6568-MONOMER[c]": 747, "G6570-MONOMER[o]": 401, "EG11619-MONOMER[c]": 203, "G6576-MONOMER[c]": 40, "G6577-MONOMER[c]": 0, "EG11549-MONOMER[c]": 3, "EG11430-MONOMER[c]": 2, "EG11344-MONOMER[c]": 395, "G6602-MONOMER[c]": 209, "G6603-MONOMER[i]": 194, "EG12399-MONOMER[c]": 0, "G6627-MONOMER[c]": 28, "G6629-MONOMER[e]": 1, "EG10785-MONOMER[c]": 180, "EG11294-MONOMER[c]": 1, "EG10761-MONOMER[c]": 212, "G6631-MONOMER[m]": 0, "EG12119-MONOMER[c]": 146, "EG12120-MONOMER[e]": 100, "G6632-MONOMER[c]": 0, "G6633-MONOMER[c]": 461, "EG11607-MONOMER[c]": 3312, "EG11125-MONOMER[c]": 40, "EG11126-MONOMER[c]": 1, "EG12433-MONOMER[c]": 503, "EG10956-MONOMER[i]": 393, "EG12868-MONOMER[c]": 925, "EG11013-MONOMER[c]": 540, "EG12691-MONOMER[c]": 48, "G6642-MONOMER[c]": 228, "G6659-MONOMER[c]": 40, "G6663-MONOMER[c]": 14, "EG11246-MONOMER[c]": 641, "EG10668-MONOMER[c]": 84, "G6669-MONOMER[c]": 9, "G6673-MONOMER[c]": 2, "EG10827-MONOMER[c]": 11, "G6679-MONOMER[c]": 5, "G6685-MONOMER[c]": 13, "G6697-MONOMER[c]": 23, "G6699-MONOMER[c]": 314, "G6701-MONOMER[i]": 135, "G6702-MONOMER[m]": 266, "G6709-MONOMER[c]": 0, "G6712-MONOMER[c]": 8, "G6714-MONOMER[c]": 3, "G6717-MONOMER[c]": 3, "G6719-MONOMER[c]": 26, "G6720-MONOMER[c]": 1, "EG11309-MONOMER[c]": 35, "G6729-MONOMER[c]": 5, "G6732-MONOMER[c]": 134, "G6737-MONOMER[c]": 489, "G6738-MONOMER[c]": 18, "EG11884-MONOMER[c]": 1, "G6745-MONOMER[c]": 48, "G6746-MONOMER[c]": 105, "G6760-MONOMER[c]": 1, "EG11508-MONOMER[c]": 2065, "EG10680-MONOMER[c]": 0, "EG11744-MONOMER[p]": 172, "G6791-MONOMER[c]": 17, "EG10443-MONOMER[c]": 20, "EG11643-MONOMER[i]": 1, "EG11644-MONOMER[p]": 34, "EG11645-MONOMER[c]": 25, "EG10212-MONOMER[p]": 535, "EG12345-MONOMER[c]": 2, "G6825-MONOMER[c]": 4,