{"old_dry_mass": 0.0, "cell_mass": 1170.4495746834327, "water_mass": 819.3147353926846, "dry_mass": 351.1348392907481, "rnaMass": 50.70456048637258, "rRnaMass": 41.14592791748361, "tRnaMass": 7.363780099444238, "mRnaMass": 1.9602556964078266, "dnaMass": 6.645940898536106, "proteinMass": 162.0806506086499, "smallMoleculeMass": 131.70368729718962, "projection_mass": 1.073390175087837, "cytosol_mass": 1111.498144698344, "extracellular_mass": 2.9734890549419837, "flagellum_mass": 0.0, "membrane_mass": 4.5344065971051775, "outer_membrane_mass": 11.079627584606637, "periplasm_mass": 25.117749433163368, "pilus_mass": 0.02460438239075634, "inner_membrane_mass": 14.148162757793132, "volume": 1.0640450678940299, "process_mass_diffs": [0.0, 0.0, 0.0, 0.0, 0.0, 0.0, 0.0, 0.0, 0.0, 0.0, 0.0, 0.0, 0.0, 0.0], "growth": NaN, "instantaniousGrowthRate": NaN, "proteinMassFraction": 0.46159091173075883, "rnaMassFraction": 0.14440196418216417, "dry_mass_initial": 351.1348392907481, "protein_mass_initial": 162.0806506086499, "rna_mass_initial": 50.70456048637258, "small_molecule_mass_initial": 131.70368729718962, "dryMassFoldChange": 1.0, "proteinMassFoldChange": 1.0, "rnaMassFoldChange": 1.0, "smallMoleculeFoldChange": 1.0, "expected_mass_fold_change": 1.0}