{"old_dry_mass": 351.1348392907481, "cell_mass": 1170.4278878374087, "water_mass": 819.329470761831, "dry_mass": 351.0984170755777, "rnaMass": 50.73709496175405, "rRnaMass": 41.16659045661364, "tRnaMass": 7.367265438398686, "mRnaMass": 1.9724630223521609, "dnaMass": 6.649896701761138, "proteinMass": 162.17293687826717, "smallMoleculeMass": 131.5384885337951, "projection_mass": 1.0736477611244013, "cytosol_mass": 1111.4497247759411, "extracellular_mass": 2.975599081184545, "flagellum_mass": 0.0, "membrane_mass": 4.538585618058517, "outer_membrane_mass": 11.084876166755352, "periplasm_mass": 25.12465973237066, "pilus_mass": 0.02460438239075634, "inner_membrane_mass": 14.156190319583299, "volume": 1.0640253525794625, "process_mass_diffs": [0.0, -2.42861286636753e-17, 0.0, 0.0, -2.168404344971009e-19, -0.021686846024502444, -2.907743490432324e-13, -1.7763568394002505e-15, 4.336808689942018e-19, -6.776263578034403e-21, 0.0, -2.983724378680108e-16, 0.0, 1.745046690021469e-18], "growth": -0.03642221517043254, "instantanious_growth_rate": -5.1868953830390334e-05, "protein_mass_fraction": 0.4619016463505095, "rna_mass_fraction": 0.14450960897050227, "dry_mass_initial": 351.1348392907481, "protein_mass_initial": 162.0806506086499, "rna_mass_initial": 50.70456048637258, "small_molecule_mass_initial": 131.70368729718962, "dry_mass_fold_change": 0.9998962728527765, "protein_mass_fold_change": 1.0005693848665507, "rna_mass_fold_change": 1.0006416479123257, "small_molecule_fold_change": 0.9987456785243851, "expected_mass_fold_change": 1.0005252493956038}