{"listeners": {"ribosome_data": {"translation_supply": [6.726337402614733e-21, 3.640377879555155e-21, 2.8946662957832366e-21, 3.878997020472571e-21, 5.060362702329886e-22, 4.458347048524601e-21, 2.6466884898360493e-21, 5.3504281533621416e-21, 1.2690397542642664e-21, 3.8113775434675044e-21, 5.6712496893837645e-21, 4.300138199593205e-21, 1.719815074754008e-21, 2.2476882561560655e-21, 2.4969208788007393e-21, 3.468592565403035e-21, 3.836141498977154e-21, 6.339607061945878e-22, 1.8668308741811083e-21, 1.409378544537811e-27, 5.190259328668142e-21]}, "growth_limits": {"fraction_trna_charged": [0.0, 0.0, 0.0, 0.0, 0.0, 0.0, 0.0, 0.0, 0.0, 0.0, 0.0, 0.0, 0.0, 0.0, 0.0, 0.0, 0.0, 0.0, 0.0, 0.0, 0.0, 0.0, 0.0, 0.0, 0.0, 0.0, 0.0, 0.0, 0.0, 0.0, 0.0, 0.0, 0.0, 0.0, 0.0, 0.0, 0.0, 0.0, 0.0, 0.0, 0.0, 0.0, 0.0, 0.0, 0.0, 0.0, 0.0, 0.0, 0.0, 0.0, 0.0, 0.0, 0.0, 0.0, 0.0, 0.0, 0.0, 0.0, 0.0, 0.0, 0.0, 0.0, 0.0, 0.0, 0.0, 0.0, 0.0, 0.0, 0.0, 0.0, 0.0, 0.0, 0.0, 0.0, 0.0, 0.0, 0.0, 0.0, 0.0, 0.0, 0.0, 0.0, 0.0, 0.0, 0.0, 0.0], "aa_pool_size": [1572418, 385365, 453329, 2562696, 19481, 26580588, 3369721, 461157, 73283, 162259, 162259, 572177, 106749, 63053, 413654, 843320, 1345042, 19482, 105291, 38963, 2447762], "aa_request_size": [79353, 42062, 34430, 45765, 6196, 51515, 31122, 63216, 14662, 44748, 65490, 50960, 19893, 26674, 28904, 40708, 45320, 7623, 22651, 0, 61329]}}, "amino_acids": {"L-ALPHA-ALANINE[c]": 79353, "ARG[c]": 42062, "ASN[c]": 34430, "L-ASPARTATE[c]": 45765, "CYS[c]": 6196, "GLT[c]": 51515, "GLN[c]": 31122, "GLY[c]": 63216, "HIS[c]": 14662, "ILE[c]": 44748, "LEU[c]": 65490, "LYS[c]": 50960, "MET[c]": 19893, "PHE[c]": 26674, "PRO[c]": 28904, "SER[c]": 40708, "THR[c]": 45320, "TRP[c]": 7623, "TYR[c]": 22651, "L-SELENOCYSTEINE[c]": 0, "VAL[c]": 61329}}