{"listeners": {"ribosome_data": {"translation_supply": [6.726337402614733e-21, 3.640377879555155e-21, 2.8946662957832366e-21, 3.878997020472571e-21, 5.060362702329886e-22, 4.458347048524601e-21, 2.6466884898360493e-21, 5.3504281533621416e-21, 1.2690397542642664e-21, 3.8113775434675044e-21, 5.6712496893837645e-21, 4.300138199593205e-21, 1.719815074754008e-21, 2.2476882561560655e-21, 2.4969208788007393e-21, 3.468592565403035e-21, 3.836141498977154e-21, 6.339607061945878e-22, 1.8668308741811083e-21, 1.409378544537811e-27, 5.190259328668142e-21]}, "growth_limits": {"fraction_trna_charged": [0.0, 0.0, 0.0, 0.0, 0.0, 0.0, 0.0, 0.0, 0.0, 0.0, 0.0, 0.0, 0.0, 0.0, 0.0, 0.0, 0.0, 0.0, 0.0, 0.0, 0.0, 0.0, 0.0, 0.0, 0.0, 0.0, 0.0, 0.0, 0.0, 0.0, 0.0, 0.0, 0.0, 0.0, 0.0, 0.0, 0.0, 0.0, 0.0, 0.0, 0.0, 0.0, 0.0, 0.0, 0.0, 0.0, 0.0, 0.0, 0.0, 0.0, 0.0, 0.0, 0.0, 0.0, 0.0, 0.0, 0.0, 0.0, 0.0, 0.0, 0.0, 0.0, 0.0, 0.0, 0.0, 0.0, 0.0, 0.0, 0.0, 0.0, 0.0, 0.0, 0.0, 0.0, 0.0, 0.0, 0.0, 0.0, 0.0, 0.0, 0.0, 0.0, 0.0, 0.0, 0.0, 0.0], "aa_pool_size": [943731, 231287, 272078, 1538075, 11692, 15953101, 2022434, 276776, 43983, 97384, 97384, 343408, 64068, 37843, 248266, 506142, 807265, 11692, 63193, 23385, 1469094], "aa_request_size": [42278, 22609, 17918, 24919, 3245, 28525, 16697, 34241, 7972, 23353, 35374, 25906, 9163, 13984, 15851, 21100, 24003, 4076, 11703, 0, 33188]}}, "amino_acids": {"L-ALPHA-ALANINE[c]": 42278, "ARG[c]": 22609, "ASN[c]": 17918, "L-ASPARTATE[c]": 24919, "CYS[c]": 3245, "GLT[c]": 28525, "GLN[c]": 16697, "GLY[c]": 34241, "HIS[c]": 7972, "ILE[c]": 23353, "LEU[c]": 35374, "LYS[c]": 25906, "MET[c]": 9163, "PHE[c]": 13984, "PRO[c]": 15851, "SER[c]": 21100, "THR[c]": 24003, "TRP[c]": 4076, "TYR[c]": 11703, "L-SELENOCYSTEINE[c]": 0, "VAL[c]": 33188}}